{
	"default": {
		"random": [
			"Salve fio",
			"Tranquilo!",
			"Pipoquinha com manteiga hmmm"
		],
		"dialogues": {
			"text": [
				"Na moral tomara que funcione isso aqui",
				"Concorda ou nem?"
			],
			"options": {
				"Sim": "teste",
				"Não": "TODO"
			}
		}
	},
	"teste": {
		"dialogues": {
			"text": [
				"Deu certo ent"
			]
		}
	},
	
	"tutorial": {
		"dialogues": {
			"text": [
				["Caio", "Até que enfim você chegou."],
				["Caio", "Essa é a última vez que eu te cubro, hoje o dia foi insuportável"],
				["Você","Foi mal cara. Eu fiquei perdido nesse escuro"],
				["Caio", "É... A cidade inteira ficou no escuro"],
				["Caio", "A energia morreu aqui também mais cedo."],
				["Você", "..."],
				["Você", "Tenso"],
				["Caio", "Chega de enrolar cara, tem gente dando trabalho hoje de novo"],
				["Você", "De novo? Isso nunca acontecia, como pode ter tanta gente folgada vindo aqui agora?"],
				["Caio", "Eu sei lá cara, só faz o favor de tirar essa gente daqui antes de fechar."]
			],
			"options": {
				"Tanto faz": "tutorial_2",
				"Deixa comigo": "tutorial_2"
			}
		}
	},
	"tutorial_2": {
		"dialogues": {
			"text": [
				["Caio", "E mais uma coisa."],
				["Caio", "Não esquece de tirar o lixo e limpar a pista"],
				["Você", "... Fechou."]
			]
		}
	},
	
	"npc1": {
		"ramdom": [
			[["Homem Estranho", "A dança, a dança não pode parar"]],
			[
				["Homem Estranho", "Se eu parar, se eu parar.."],
				["Homem Estranho", "Não posso parar"]
			]
		],
		"dialogues": {
			"text": [
				["Você", "..Cara, preciso que você vá embora."],
				["Homem Estranho", "Como assim? O que tá acontecendo?"],
			],
			"options": {
				"Eu preciso fechar o lugar": "npc1_02",
				"Só vai embora logo": "npc1_03"
			}
		}
	},
	"npc1_02": {
		"dialogues": {
			"text": [
				["Homem Estranho", "Han? Já?"],
				["Homem Estranho", "Eu preciso continuar dançando, em algum outro lugar"],
				["Homem Estranho", "Você deveria começar também, o quanto antes"],
				["Você", "Tudo bem senhor, vou ver o que posso fazer sobre isso."]
			],
		}
	},
	"npc1_03": {
		"dialogues": {
			"text": [
				["Homem Estranho", "Ei ei ei! Eu já tô indo, já tô indo"],
				["Homem Estranho", "O outro zelador era mais educado"],
				["Homem Estranho", "Mas ainda assim vocês dois insistem no mesmo erro"],
				["Homem Estranho", "Eu começaria a dançar se fosse você..."],
				["Você", "Têm gente que precisa trabalhar"],
				["Você", "Pra ganhar mal demais pra quantidade de maluco que tem que aturar"]
			]
		}
	},
	
	"npc4": {
		"ramdom": [
			[["Homem Assustado", "Puta merda..."]]
		],
		"dialogues": {
			"text": [
				["Homem Assustado", "Meu Deus, eu vi.."],
				["Você", "Preciso que saia da boate."],
				["Homem Assustado", "Eu gostaria, mas não consigo cara"],
				["Homem Assustado", "Eu preciso da minha carteira pra chegar em casa, sem ela eu tô fodido"],
				["Você", "E o que aconteceu com ela?"],
				["Homem Assustado", "Eu derrubei no banheiro.."],
				["Homem Assustado", "Quando eu fui mijar, eu senti uma coisa muito ruim, como se alguma coisa fosse acontecer"],
				["Homem Assustado", "Não faço ideia do que foi, mas tô morrendo de medo de ir lá pegar"],
				["Homem Assustado", "Eu não quero te atrapalhar cara, mas preciso da minha carteira e não consigo voltar lá"],
				["Homem Assustado", "É só pegar ela pra mim que eu vazo na hora, por favor"],
				["", "Esse dia fica cada vez mais ridículo. Eu deveria cobrar um adicional qualquer dia desses"],
				["Você", "Tudo bem. Eu pego ela pra você, só vai embora depois, ok?"],
			]
		}
	}
}
